File_Name,File_Path,Exact_Matches,Fuzzy_Matches,Missing_Items,Total_Issues
1 800 FLOWERS.COM FRANCHISE CO INC_2023.json,C:\Projects\NewFranchiseData_Windows\FinalFranchiseData_Windows\data\processed_data\json_documents\1 800 FLOWERS.COM FRANCHISE CO INC_2023.json,23,0,0,9
"1 800 WATER DAMAGE INTERNATIONAL, LLC_2024.json","C:\Projects\NewFranchiseData_Windows\FinalFranchiseData_Windows\data\processed_data\json_documents\1 800 WATER DAMAGE INTERNATIONAL, LLC_2024.json",23,0,0,0
"1 PERCENT LISTS FRANCHISES, LLC_2024.json","C:\Projects\NewFranchiseData_Windows\FinalFranchiseData_Windows\data\processed_data\json_documents\1 PERCENT LISTS FRANCHISES, LLC_2024.json",23,0,0,0
"1 TOM PLUMBER GLOBAL, INC._2024.json","C:\Projects\NewFranchiseData_Windows\FinalFranchiseData_Windows\data\processed_data\json_documents\1 TOM PLUMBER GLOBAL, INC._2024.json",23,0,0,0
1-800-RADIATOR FRANCHISOR SPV LLC_2024.json,C:\Projects\NewFranchiseData_Windows\FinalFranchiseData_Windows\data\processed_data\json_documents\1-800-RADIATOR FRANCHISOR SPV LLC_2024.json,23,0,0,2
"1-800-SERVICES, LLC_2024.json","C:\Projects\NewFranchiseData_Windows\FinalFranchiseData_Windows\data\processed_data\json_documents\1-800-SERVICES, LLC_2024.json",23,0,0,6
"1-800-TEXTILES FRANCHISES, LLC_2024.json","C:\Projects\NewFranchiseData_Windows\FinalFranchiseData_Windows\data\processed_data\json_documents\1-800-TEXTILES FRANCHISES, LLC_2024.json",23,0,0,4
1073355 ONTARIO LIMITED_2023.json,C:\Projects\NewFranchiseData_Windows\FinalFranchiseData_Windows\data\processed_data\json_documents\1073355 ONTARIO LIMITED_2023.json,23,0,0,0
10X BUSINESS ADVISOR FRANCHISING LLC_2023.json,C:\Projects\NewFranchiseData_Windows\FinalFranchiseData_Windows\data\processed_data\json_documents\10X BUSINESS ADVISOR FRANCHISING LLC_2023.json,23,0,0,2
"16 HANDLES FRANCHISING, LLC_2024.json","C:\Projects\NewFranchiseData_Windows\FinalFranchiseData_Windows\data\processed_data\json_documents\16 HANDLES FRANCHISING, LLC_2024.json",23,0,0,0
"1800PACKOUTS FRANCHISE, LLC_2024.json","C:\Projects\NewFranchiseData_Windows\FinalFranchiseData_Windows\data\processed_data\json_documents\1800PACKOUTS FRANCHISE, LLC_2024.json",23,0,0,0
1HCS FRANCHISING LLC_2024.json,C:\Projects\NewFranchiseData_Windows\FinalFranchiseData_Windows\data\processed_data\json_documents\1HCS FRANCHISING LLC_2024.json,23,0,0,0
"1ST CLASS FRANCHISING, LLC_2024.json","C:\Projects\NewFranchiseData_Windows\FinalFranchiseData_Windows\data\processed_data\json_documents\1ST CLASS FRANCHISING, LLC_2024.json",23,0,0,0
"2ND FAMILY FRANCHISING, LLC_2024.json","C:\Projects\NewFranchiseData_Windows\FinalFranchiseData_Windows\data\processed_data\json_documents\2ND FAMILY FRANCHISING, LLC_2024.json",23,0,0,1
"30 MINUTE HIT USA, LLC_2024.json","C:\Projects\NewFranchiseData_Windows\FinalFranchiseData_Windows\data\processed_data\json_documents\30 MINUTE HIT USA, LLC_2024.json",23,0,0,2
"360 PAINTING, LLC_2024.json","C:\Projects\NewFranchiseData_Windows\FinalFranchiseData_Windows\data\processed_data\json_documents\360 PAINTING, LLC_2024.json",23,0,0,2
"360BRANDS, INC._2024.json","C:\Projects\NewFranchiseData_Windows\FinalFranchiseData_Windows\data\processed_data\json_documents\360BRANDS, INC._2024.json",21,0,2,1
4EVER FRANCHISOR LLC_2024.json,C:\Projects\NewFranchiseData_Windows\FinalFranchiseData_Windows\data\processed_data\json_documents\4EVER FRANCHISOR LLC_2024.json,23,0,0,2
76 FRANCHISE GROUP LLC (REGIONAL DEVELOPER)_2024.json,C:\Projects\NewFranchiseData_Windows\FinalFranchiseData_Windows\data\processed_data\json_documents\76 FRANCHISE GROUP LLC (REGIONAL DEVELOPER)_2024.json,23,0,0,0
911 RESTORATION FRANCHISE INC._2024.json,C:\Projects\NewFranchiseData_Windows\FinalFranchiseData_Windows\data\processed_data\json_documents\911 RESTORATION FRANCHISE INC._2024.json,22,0,1,3
"9ROUND FRANCHISING, LLC_2024.json","C:\Projects\NewFranchiseData_Windows\FinalFranchiseData_Windows\data\processed_data\json_documents\9ROUND FRANCHISING, LLC_2024.json",23,0,0,0
"9ROUND HOLDING COMPANY, LLC_2024.json","C:\Projects\NewFranchiseData_Windows\FinalFranchiseData_Windows\data\processed_data\json_documents\9ROUND HOLDING COMPANY, LLC_2024.json",23,0,0,0
A&W RESTAURANTS INC_2024.json,C:\Projects\NewFranchiseData_Windows\FinalFranchiseData_Windows\data\processed_data\json_documents\A&W RESTAURANTS INC_2024.json,23,0,0,0
"A1 KITCHEN & BATH FRANCHISING, LLC_2024.json","C:\Projects\NewFranchiseData_Windows\FinalFranchiseData_Windows\data\processed_data\json_documents\A1 KITCHEN & BATH FRANCHISING, LLC_2024.json",23,0,0,0
AAMCO TRANSMISSIONS LLC_2024.json,C:\Projects\NewFranchiseData_Windows\FinalFranchiseData_Windows\data\processed_data\json_documents\AAMCO TRANSMISSIONS LLC_2024.json,23,0,0,0
"ABBEY CARPET CO., INC._2024.json","C:\Projects\NewFranchiseData_Windows\FinalFranchiseData_Windows\data\processed_data\json_documents\ABBEY CARPET CO., INC._2024.json",23,0,0,2
"ABC, INC_2024.json","C:\Projects\NewFranchiseData_Windows\FinalFranchiseData_Windows\data\processed_data\json_documents\ABC, INC_2024.json",22,0,1,4
"ABCSP, LLC_2024.json","C:\Projects\NewFranchiseData_Windows\FinalFranchiseData_Windows\data\processed_data\json_documents\ABCSP, LLC_2024.json",23,0,0,0
"ABM FRANCHISING GROUP, LLC_2024.json","C:\Projects\NewFranchiseData_Windows\FinalFranchiseData_Windows\data\processed_data\json_documents\ABM FRANCHISING GROUP, LLC_2024.json",23,0,0,0
ABRA FRANCHISOR SPV LLC_2024.json,C:\Projects\NewFranchiseData_Windows\FinalFranchiseData_Windows\data\processed_data\json_documents\ABRA FRANCHISOR SPV LLC_2024.json,23,0,0,0
"ABS FRANCHISE SERVICES, INC._2024.json","C:\Projects\NewFranchiseData_Windows\FinalFranchiseData_Windows\data\processed_data\json_documents\ABS FRANCHISE SERVICES, INC._2024.json",23,0,0,0
"ACASA SENIOR CARE FRANCHISING, INC._2024.json","C:\Projects\NewFranchiseData_Windows\FinalFranchiseData_Windows\data\processed_data\json_documents\ACASA SENIOR CARE FRANCHISING, INC._2024.json",23,0,0,0
"ACCELERATED SERVICES FRANCHISE, LLC_2024.json","C:\Projects\NewFranchiseData_Windows\FinalFranchiseData_Windows\data\processed_data\json_documents\ACCELERATED SERVICES FRANCHISE, LLC_2024.json",23,0,0,2
"ACCURATE LEAK AND LINE, LLC_2024.json","C:\Projects\NewFranchiseData_Windows\FinalFranchiseData_Windows\data\processed_data\json_documents\ACCURATE LEAK AND LINE, LLC_2024.json",22,0,1,1
"ACE HANDYMAN FRANCHISING, INC._2024.json","C:\Projects\NewFranchiseData_Windows\FinalFranchiseData_Windows\data\processed_data\json_documents\ACE HANDYMAN FRANCHISING, INC._2024.json",23,0,0,2
"ACE PICKLEBALL CLUB FRANCHISE, LLC_2024.json","C:\Projects\NewFranchiseData_Windows\FinalFranchiseData_Windows\data\processed_data\json_documents\ACE PICKLEBALL CLUB FRANCHISE, LLC_2024.json",20,0,3,2
ACE SUSHI FRANCHISE CORPORATION_2024.json,C:\Projects\NewFranchiseData_Windows\FinalFranchiseData_Windows\data\processed_data\json_documents\ACE SUSHI FRANCHISE CORPORATION_2024.json,23,0,0,0
ACFN FRANCHISED INC._2023.json,C:\Projects\NewFranchiseData_Windows\FinalFranchiseData_Windows\data\processed_data\json_documents\ACFN FRANCHISED INC._2023.json,23,0,0,2
"ACTIKARE, INC._2024.json","C:\Projects\NewFranchiseData_Windows\FinalFranchiseData_Windows\data\processed_data\json_documents\ACTIKARE, INC._2024.json",23,0,0,3
"AD2019 FRANCHISE, LLC_2024.json","C:\Projects\NewFranchiseData_Windows\FinalFranchiseData_Windows\data\processed_data\json_documents\AD2019 FRANCHISE, LLC_2024.json",20,0,3,1
ADVANCED FRESH CONCEPTS FRANCHISE CORP_2024.json,C:\Projects\NewFranchiseData_Windows\FinalFranchiseData_Windows\data\processed_data\json_documents\ADVANCED FRESH CONCEPTS FRANCHISE CORP_2024.json,23,0,0,1
"ADVANCED LASER RESTORATION, LLC_2024.json","C:\Projects\NewFranchiseData_Windows\FinalFranchiseData_Windows\data\processed_data\json_documents\ADVANCED LASER RESTORATION, LLC_2024.json",21,0,2,2
"ADVANCED MOBILE IV, LLC_2024.json","C:\Projects\NewFranchiseData_Windows\FinalFranchiseData_Windows\data\processed_data\json_documents\ADVANCED MOBILE IV, LLC_2024.json",8,13,2,1
"ADVANTACLEAN SYSTEMS, LLC_2024.json","C:\Projects\NewFranchiseData_Windows\FinalFranchiseData_Windows\data\processed_data\json_documents\ADVANTACLEAN SYSTEMS, LLC_2024.json",23,0,0,0
AERUS FRANCHISING LLC_2024.json,C:\Projects\NewFranchiseData_Windows\FinalFranchiseData_Windows\data\processed_data\json_documents\AERUS FRANCHISING LLC_2024.json,23,0,0,2
"AFC FRANCHISING, LLC_2024.json","C:\Projects\NewFranchiseData_Windows\FinalFranchiseData_Windows\data\processed_data\json_documents\AFC FRANCHISING, LLC_2024.json",23,0,0,4
"AGILE PURSUITS FRANCHISING, INC._2024.json","C:\Projects\NewFranchiseData_Windows\FinalFranchiseData_Windows\data\processed_data\json_documents\AGILE PURSUITS FRANCHISING, INC._2024.json",23,0,0,0
AIRA FITNESS FRANCHISING LLC_2024.json,C:\Projects\NewFranchiseData_Windows\FinalFranchiseData_Windows\data\processed_data\json_documents\AIRA FITNESS FRANCHISING LLC_2024.json,23,0,0,0
AIRE SERV SPV LLC_2024.json,C:\Projects\NewFranchiseData_Windows\FinalFranchiseData_Windows\data\processed_data\json_documents\AIRE SERV SPV LLC_2024.json,23,0,0,2
"AIRE-MASTER OF AMERICA, INC._2024.json","C:\Projects\NewFranchiseData_Windows\FinalFranchiseData_Windows\data\processed_data\json_documents\AIRE-MASTER OF AMERICA, INC._2024.json",23,0,0,0
ALAIR ENTERPRISES USA INC._2024.json,C:\Projects\NewFranchiseData_Windows\FinalFranchiseData_Windows\data\processed_data\json_documents\ALAIR ENTERPRISES USA INC._2024.json,23,0,0,2
"ALL FRANCHISING, LLC_2024.json","C:\Projects\NewFranchiseData_Windows\FinalFranchiseData_Windows\data\processed_data\json_documents\ALL FRANCHISING, LLC_2024.json",23,0,0,1
ALLIANCE FRANCHISE BRANDS LLC_2024.json,C:\Projects\NewFranchiseData_Windows\FinalFranchiseData_Windows\data\processed_data\json_documents\ALLIANCE FRANCHISE BRANDS LLC_2024.json,23,0,0,0
"ALLOY PERSONAL TRAINING, LLC_2024.json","C:\Projects\NewFranchiseData_Windows\FinalFranchiseData_Windows\data\processed_data\json_documents\ALLOY PERSONAL TRAINING, LLC_2024.json",22,0,1,0
ALOHA POKE FRANCHISING LLC_2024.json,C:\Projects\NewFranchiseData_Windows\FinalFranchiseData_Windows\data\processed_data\json_documents\ALOHA POKE FRANCHISING LLC_2024.json,23,0,0,2
"ALPHAGRAPHICS, INC._2024.json","C:\Projects\NewFranchiseData_Windows\FinalFranchiseData_Windows\data\processed_data\json_documents\ALPHAGRAPHICS, INC._2024.json",23,0,0,0
"AMAZING LASH FRANCHISE, LLC_2024.json","C:\Projects\NewFranchiseData_Windows\FinalFranchiseData_Windows\data\processed_data\json_documents\AMAZING LASH FRANCHISE, LLC_2024.json",23,0,0,0
AMERICA'S MUSIC SCHOOL LLC_2024.json,C:\Projects\NewFranchiseData_Windows\FinalFranchiseData_Windows\data\processed_data\json_documents\AMERICA'S MUSIC SCHOOL LLC_2024.json,23,0,0,0
AMERICAN DAIRY QUEEN CORPORATION_2024.json,C:\Projects\NewFranchiseData_Windows\FinalFranchiseData_Windows\data\processed_data\json_documents\AMERICAN DAIRY QUEEN CORPORATION_2024.json,23,0,0,2
"AMERICAN DECORATIVE COATINGS, LLC_2024.json","C:\Projects\NewFranchiseData_Windows\FinalFranchiseData_Windows\data\processed_data\json_documents\AMERICAN DECORATIVE COATINGS, LLC_2024.json",22,0,1,0
AMERICAN LEAK DETECTION_2024.json,C:\Projects\NewFranchiseData_Windows\FinalFranchiseData_Windows\data\processed_data\json_documents\AMERICAN LEAK DETECTION_2024.json,23,0,0,0
"AMERICAN POOLPLAYERS ASSOCIATION, INC._2024.json","C:\Projects\NewFranchiseData_Windows\FinalFranchiseData_Windows\data\processed_data\json_documents\AMERICAN POOLPLAYERS ASSOCIATION, INC._2024.json",23,0,0,0
"AMERICAN SHAMAN FRANCHISE SYSTEM, LLC_2024.json","C:\Projects\NewFranchiseData_Windows\FinalFranchiseData_Windows\data\processed_data\json_documents\AMERICAN SHAMAN FRANCHISE SYSTEM, LLC_2024.json",23,0,0,0
"AMERICINN INTERNATIONAL, LLC_2024.json","C:\Projects\NewFranchiseData_Windows\FinalFranchiseData_Windows\data\processed_data\json_documents\AMERICINN INTERNATIONAL, LLC_2024.json",23,0,0,0
AMERIPRISE FINANCIAL SERVICES LLC_2024.json,C:\Projects\NewFranchiseData_Windows\FinalFranchiseData_Windows\data\processed_data\json_documents\AMERIPRISE FINANCIAL SERVICES LLC_2024.json,23,0,0,4
AMERISOURCEBERGEN DRUG CORPORATION_2023.json,C:\Projects\NewFranchiseData_Windows\FinalFranchiseData_Windows\data\processed_data\json_documents\AMERISOURCEBERGEN DRUG CORPORATION_2023.json,23,0,0,0
"AMRAMP, LLC_2023.json","C:\Projects\NewFranchiseData_Windows\FinalFranchiseData_Windows\data\processed_data\json_documents\AMRAMP, LLC_2023.json",23,0,0,0
AMSPIRIT FRANCHISE CORPORATION_2024.json,C:\Projects\NewFranchiseData_Windows\FinalFranchiseData_Windows\data\processed_data\json_documents\AMSPIRIT FRANCHISE CORPORATION_2024.json,23,0,0,0
"ANAGO FRANCHISING, INC._2024.json","C:\Projects\NewFranchiseData_Windows\FinalFranchiseData_Windows\data\processed_data\json_documents\ANAGO FRANCHISING, INC._2024.json",23,0,0,2
"ANCHORED TINY HOMES FRANCHISING, LLC_2024.json","C:\Projects\NewFranchiseData_Windows\FinalFranchiseData_Windows\data\processed_data\json_documents\ANCHORED TINY HOMES FRANCHISING, LLC_2024.json",23,0,0,2
ANGRY CHICKZ FRANCHISING LLC_2024.json,C:\Projects\NewFranchiseData_Windows\FinalFranchiseData_Windows\data\processed_data\json_documents\ANGRY CHICKZ FRANCHISING LLC_2024.json,22,0,1,4
"ANGRY CRAB SHACK FRANCHISE, LLC_2024.json","C:\Projects\NewFranchiseData_Windows\FinalFranchiseData_Windows\data\processed_data\json_documents\ANGRY CRAB SHACK FRANCHISE, LLC_2024.json",23,0,0,0
ANNEX BRANDS INC_2024.json,C:\Projects\NewFranchiseData_Windows\FinalFranchiseData_Windows\data\processed_data\json_documents\ANNEX BRANDS INC_2024.json,23,0,0,0
"ANOTHER BROKEN EGG OF AMERICA, LLC_2024.json","C:\Projects\NewFranchiseData_Windows\FinalFranchiseData_Windows\data\processed_data\json_documents\ANOTHER BROKEN EGG OF AMERICA, LLC_2024.json",23,0,0,2
"ANY TEST FRANCHISING, INC._2024.json","C:\Projects\NewFranchiseData_Windows\FinalFranchiseData_Windows\data\processed_data\json_documents\ANY TEST FRANCHISING, INC._2024.json",23,0,0,0
ANYTIME FITNESS FRANCHISOR LLC_2024.json,C:\Projects\NewFranchiseData_Windows\FinalFranchiseData_Windows\data\processed_data\json_documents\ANYTIME FITNESS FRANCHISOR LLC_2024.json,23,0,0,5
"APEX LEADERSHIP FRANCHISING, LLC_2023.json","C:\Projects\NewFranchiseData_Windows\FinalFranchiseData_Windows\data\processed_data\json_documents\APEX LEADERSHIP FRANCHISING, LLC_2023.json",23,0,0,2
APPLEBEE'S FRANCHISOR LLC_2024.json,C:\Projects\NewFranchiseData_Windows\FinalFranchiseData_Windows\data\processed_data\json_documents\APPLEBEE'S FRANCHISOR LLC_2024.json,23,0,0,2
AQUA-TOTS SWIM SCHOOL HOLDING LLC_2024.json,C:\Projects\NewFranchiseData_Windows\FinalFranchiseData_Windows\data\processed_data\json_documents\AQUA-TOTS SWIM SCHOOL HOLDING LLC_2024.json,22,0,1,0
"ARBY'S FRANCHISOR, LLC_2024.json","C:\Projects\NewFranchiseData_Windows\FinalFranchiseData_Windows\data\processed_data\json_documents\ARBY'S FRANCHISOR, LLC_2024.json",23,0,0,0
"ARCHADECK FRANCHISOR, LLC_2024.json","C:\Projects\NewFranchiseData_Windows\FinalFranchiseData_Windows\data\processed_data\json_documents\ARCHADECK FRANCHISOR, LLC_2024.json",23,0,0,2
"ARCPOINT FRANCHISE GROUP, LLC_2024.json","C:\Projects\NewFranchiseData_Windows\FinalFranchiseData_Windows\data\processed_data\json_documents\ARCPOINT FRANCHISE GROUP, LLC_2024.json",23,0,0,3
"ART OF DRAWERS FRANCHISE SYSTEMS, LLC_2024.json","C:\Projects\NewFranchiseData_Windows\FinalFranchiseData_Windows\data\processed_data\json_documents\ART OF DRAWERS FRANCHISE SYSTEMS, LLC_2024.json",23,0,0,2
"ARTHUR MURRAY INTERNATIONAL, INC_2023.json","C:\Projects\NewFranchiseData_Windows\FinalFranchiseData_Windows\data\processed_data\json_documents\ARTHUR MURRAY INTERNATIONAL, INC_2023.json",23,0,0,0
ARYES FRANCHISING LLC_2024.json,C:\Projects\NewFranchiseData_Windows\FinalFranchiseData_Windows\data\processed_data\json_documents\ARYES FRANCHISING LLC_2024.json,22,0,1,0
ASP FRANCHISING SPE LLC_2024.json,C:\Projects\NewFranchiseData_Windows\FinalFranchiseData_Windows\data\processed_data\json_documents\ASP FRANCHISING SPE LLC_2024.json,23,0,0,2
"ASSISTING HANDS HOME CARE, LLC_2024.json","C:\Projects\NewFranchiseData_Windows\FinalFranchiseData_Windows\data\processed_data\json_documents\ASSISTING HANDS HOME CARE, LLC_2024.json",23,0,0,2
ATAX LLC DBA ATAX_2024.json,C:\Projects\NewFranchiseData_Windows\FinalFranchiseData_Windows\data\processed_data\json_documents\ATAX LLC DBA ATAX_2024.json,23,0,0,0
ATC HEALTHCARE SERVICES LLC_2024.json,C:\Projects\NewFranchiseData_Windows\FinalFranchiseData_Windows\data\processed_data\json_documents\ATC HEALTHCARE SERVICES LLC_2024.json,23,0,0,2
"ATHLETES HQ SYSTEMS, INC._2024.json","C:\Projects\NewFranchiseData_Windows\FinalFranchiseData_Windows\data\processed_data\json_documents\ATHLETES HQ SYSTEMS, INC._2024.json",23,0,0,2
"ATHLETIC REPUBLIC, INC._2024.json","C:\Projects\NewFranchiseData_Windows\FinalFranchiseData_Windows\data\processed_data\json_documents\ATHLETIC REPUBLIC, INC._2024.json",23,0,0,1
"ATOMIUM, INC._2024.json","C:\Projects\NewFranchiseData_Windows\FinalFranchiseData_Windows\data\processed_data\json_documents\ATOMIUM, INC._2024.json",23,0,0,0
"ATP FRANCHISING, LLC_2024.json","C:\Projects\NewFranchiseData_Windows\FinalFranchiseData_Windows\data\processed_data\json_documents\ATP FRANCHISING, LLC_2024.json",23,0,0,3
AUGMENT INC._2024.json,C:\Projects\NewFranchiseData_Windows\FinalFranchiseData_Windows\data\processed_data\json_documents\AUGMENT INC._2024.json,22,0,1,2
AUNTIE ANNE'S FRANCHISOR SPV LLC_2024.json,C:\Projects\NewFranchiseData_Windows\FinalFranchiseData_Windows\data\processed_data\json_documents\AUNTIE ANNE'S FRANCHISOR SPV LLC_2024.json,23,0,0,4
"AURELIO'S IS PIZZA FRANCHISE, LTD._2024.json","C:\Projects\NewFranchiseData_Windows\FinalFranchiseData_Windows\data\processed_data\json_documents\AURELIO'S IS PIZZA FRANCHISE, LTD._2024.json",21,0,2,2
AUSSIE PET MOBILE INC_2024.json,C:\Projects\NewFranchiseData_Windows\FinalFranchiseData_Windows\data\processed_data\json_documents\AUSSIE PET MOBILE INC_2024.json,23,0,0,0
"AUTO SELECT, INC._2024.json","C:\Projects\NewFranchiseData_Windows\FinalFranchiseData_Windows\data\processed_data\json_documents\AUTO SELECT, INC._2024.json",18,0,5,4
"AUTO-LAB FRANCHISING, LLC_2023.json","C:\Projects\NewFranchiseData_Windows\FinalFranchiseData_Windows\data\processed_data\json_documents\AUTO-LAB FRANCHISING, LLC_2023.json",23,0,0,0
"AVIS RENT A CAR SYSTEM, LLC_2024.json","C:\Projects\NewFranchiseData_Windows\FinalFranchiseData_Windows\data\processed_data\json_documents\AVIS RENT A CAR SYSTEM, LLC_2024.json",23,0,0,3
"B & P BURKE, LLC_2024.json","C:\Projects\NewFranchiseData_Windows\FinalFranchiseData_Windows\data\processed_data\json_documents\B & P BURKE, LLC_2024.json",23,0,0,0
B3 FRANCHISING LLC_2024.json,C:\Projects\NewFranchiseData_Windows\FinalFranchiseData_Windows\data\processed_data\json_documents\B3 FRANCHISING LLC_2024.json,23,0,0,0
BAB SYSTEMS INC_2024.json,C:\Projects\NewFranchiseData_Windows\FinalFranchiseData_Windows\data\processed_data\json_documents\BAB SYSTEMS INC_2024.json,21,2,0,0
"BAB SYSTEMS, INC._2024.json","C:\Projects\NewFranchiseData_Windows\FinalFranchiseData_Windows\data\processed_data\json_documents\BAB SYSTEMS, INC._2024.json",23,0,0,0
"BACK NINE GOLF GROUP, LLC_2024.json","C:\Projects\NewFranchiseData_Windows\FinalFranchiseData_Windows\data\processed_data\json_documents\BACK NINE GOLF GROUP, LLC_2024.json",23,0,0,0
"BAM FRANCHISING, INC._2024.json","C:\Projects\NewFranchiseData_Windows\FinalFranchiseData_Windows\data\processed_data\json_documents\BAM FRANCHISING, INC._2024.json",23,0,0,0
"BAMBU FRANCHISING, LLC_2024.json","C:\Projects\NewFranchiseData_Windows\FinalFranchiseData_Windows\data\processed_data\json_documents\BAMBU FRANCHISING, LLC_2024.json",23,0,0,0
BANG COOKIES FRANCHISE LLC_2024.json,C:\Projects\NewFranchiseData_Windows\FinalFranchiseData_Windows\data\processed_data\json_documents\BANG COOKIES FRANCHISE LLC_2024.json,23,0,0,0
BAR-B-CLEAN FRANCHISING INC._2024.json,C:\Projects\NewFranchiseData_Windows\FinalFranchiseData_Windows\data\processed_data\json_documents\BAR-B-CLEAN FRANCHISING INC._2024.json,23,0,0,2
"BARBERITOS FRANCHISING CO., LLC_2024.json","C:\Projects\NewFranchiseData_Windows\FinalFranchiseData_Windows\data\processed_data\json_documents\BARBERITOS FRANCHISING CO., LLC_2024.json",23,0,0,2
"BARK BUSTERS NORTH AMERICA, LLC_2024.json","C:\Projects\NewFranchiseData_Windows\FinalFranchiseData_Windows\data\processed_data\json_documents\BARK BUSTERS NORTH AMERICA, LLC_2024.json",23,0,0,0
"BARKLEY VENTURES FRANCHISING, LLC_2024.json","C:\Projects\NewFranchiseData_Windows\FinalFranchiseData_Windows\data\processed_data\json_documents\BARKLEY VENTURES FRANCHISING, LLC_2024.json",22,0,1,0
BARREL HOUSE ENTERPRISES LLC_2024.json,C:\Projects\NewFranchiseData_Windows\FinalFranchiseData_Windows\data\processed_data\json_documents\BARREL HOUSE ENTERPRISES LLC_2024.json,23,0,0,2
BASECAMP FITNESS FRANCHISOR LLC_2024.json,C:\Projects\NewFranchiseData_Windows\FinalFranchiseData_Windows\data\processed_data\json_documents\BASECAMP FITNESS FRANCHISOR LLC_2024.json,23,0,0,4
BASKIN ROBBINS FRANCHISING LLC_2024.json,C:\Projects\NewFranchiseData_Windows\FinalFranchiseData_Windows\data\processed_data\json_documents\BASKIN ROBBINS FRANCHISING LLC_2024.json,22,0,1,4
"BATTERIES PLUS, L.L.C._2024.json","C:\Projects\NewFranchiseData_Windows\FinalFranchiseData_Windows\data\processed_data\json_documents\BATTERIES PLUS, L.L.C._2024.json",23,0,0,0
"BAYA BAR FRANCHISE SYSTEMS, LLC_2024.json","C:\Projects\NewFranchiseData_Windows\FinalFranchiseData_Windows\data\processed_data\json_documents\BAYA BAR FRANCHISE SYSTEMS, LLC_2024.json",23,0,0,2
"BAYMONT FRANCHISE SYSTEMS, INC_2024.json","C:\Projects\NewFranchiseData_Windows\FinalFranchiseData_Windows\data\processed_data\json_documents\BAYMONT FRANCHISE SYSTEMS, INC_2024.json",23,0,0,0
"BB FRANCHISE, LLC_2024.json","C:\Projects\NewFranchiseData_Windows\FinalFranchiseData_Windows\data\processed_data\json_documents\BB FRANCHISE, LLC_2024.json",23,0,0,0
BB FRANCHISING LLC_2024.json,C:\Projects\NewFranchiseData_Windows\FinalFranchiseData_Windows\data\processed_data\json_documents\BB FRANCHISING LLC_2024.json,23,0,0,2
BB FRANCHISOR LLC_2024.json,C:\Projects\NewFranchiseData_Windows\FinalFranchiseData_Windows\data\processed_data\json_documents\BB FRANCHISOR LLC_2024.json,23,0,0,0
BBDI LLC_2024.json,C:\Projects\NewFranchiseData_Windows\FinalFranchiseData_Windows\data\processed_data\json_documents\BBDI LLC_2024.json,23,0,0,0
"BBDOTQ USA, INC._2024.json","C:\Projects\NewFranchiseData_Windows\FinalFranchiseData_Windows\data\processed_data\json_documents\BBDOTQ USA, INC._2024.json",22,0,1,0
BC LICENSING LLC_2024.json,C:\Projects\NewFranchiseData_Windows\FinalFranchiseData_Windows\data\processed_data\json_documents\BC LICENSING LLC_2024.json,23,0,0,0
"BCC FRANCHISING, LLC_2024.json","C:\Projects\NewFranchiseData_Windows\FinalFranchiseData_Windows\data\processed_data\json_documents\BCC FRANCHISING, LLC_2024.json",22,0,1,0
"BDS FRANCHISING, LLC_2023.json","C:\Projects\NewFranchiseData_Windows\FinalFranchiseData_Windows\data\processed_data\json_documents\BDS FRANCHISING, LLC_2023.json",23,0,0,1
BEAVERTAILS USA INC._2024.json,C:\Projects\NewFranchiseData_Windows\FinalFranchiseData_Windows\data\processed_data\json_documents\BEAVERTAILS USA INC._2024.json,23,0,0,0
"BEE HIVE HOMES, INC._2024.json","C:\Projects\NewFranchiseData_Windows\FinalFranchiseData_Windows\data\processed_data\json_documents\BEE HIVE HOMES, INC._2024.json",23,0,0,0
BEN & JERRYS FRANCHISING INC_2024.json,C:\Projects\NewFranchiseData_Windows\FinalFranchiseData_Windows\data\processed_data\json_documents\BEN & JERRYS FRANCHISING INC_2024.json,23,0,0,5
BEN'S SOFT PRETZELS FRANCHISING CORPORATION_2024.json,C:\Projects\NewFranchiseData_Windows\FinalFranchiseData_Windows\data\processed_data\json_documents\BEN'S SOFT PRETZELS FRANCHISING CORPORATION_2024.json,22,0,1,0
BENJAMIN FRANKLIN FRANCHISING SPE LLC_2024.json,C:\Projects\NewFranchiseData_Windows\FinalFranchiseData_Windows\data\processed_data\json_documents\BENJAMIN FRANKLIN FRANCHISING SPE LLC_2024.json,23,0,0,0
"BEST BRAINS, INC._2024.json","C:\Projects\NewFranchiseData_Windows\FinalFranchiseData_Windows\data\processed_data\json_documents\BEST BRAINS, INC._2024.json",23,0,0,0
"BEST CAFE - FRANCHISES, LLC_2024.json","C:\Projects\NewFranchiseData_Windows\FinalFranchiseData_Windows\data\processed_data\json_documents\BEST CAFE - FRANCHISES, LLC_2024.json",21,0,2,4
"BEST CHOICE ROOFING FRANCHISING, LLC_2024.json","C:\Projects\NewFranchiseData_Windows\FinalFranchiseData_Windows\data\processed_data\json_documents\BEST CHOICE ROOFING FRANCHISING, LLC_2024.json",22,0,1,1
"BEST WESTERN INTERNATIONAL, INC._2024.json","C:\Projects\NewFranchiseData_Windows\FinalFranchiseData_Windows\data\processed_data\json_documents\BEST WESTERN INTERNATIONAL, INC._2024.json",23,0,0,0
BETTER HOMES & GARDENS REAL ESTATE LLC_2024.json,C:\Projects\NewFranchiseData_Windows\FinalFranchiseData_Windows\data\processed_data\json_documents\BETTER HOMES & GARDENS REAL ESTATE LLC_2024.json,23,0,0,0
"BETTER TOGETHER, LLC_2024.json","C:\Projects\NewFranchiseData_Windows\FinalFranchiseData_Windows\data\processed_data\json_documents\BETTER TOGETHER, LLC_2024.json",23,0,0,0
"BEYOND FRANCHISE GROUP, LLC_2024.json","C:\Projects\NewFranchiseData_Windows\FinalFranchiseData_Windows\data\processed_data\json_documents\BEYOND FRANCHISE GROUP, LLC_2024.json",23,0,0,2
"BEYOND JUICERY + EATERY FRANCHISING, LLC_2023.json","C:\Projects\NewFranchiseData_Windows\FinalFranchiseData_Windows\data\processed_data\json_documents\BEYOND JUICERY + EATERY FRANCHISING, LLC_2023.json",23,0,0,0
"BF ACQUISITION HOLDINGS, LLC_2024.json","C:\Projects\NewFranchiseData_Windows\FinalFranchiseData_Windows\data\processed_data\json_documents\BF ACQUISITION HOLDINGS, LLC_2024.json",23,0,0,2
"BFB LIGHT FRANCHISING, LLC_2024.json","C:\Projects\NewFranchiseData_Windows\FinalFranchiseData_Windows\data\processed_data\json_documents\BFB LIGHT FRANCHISING, LLC_2024.json",23,0,0,3
BFK FRANCHISE COMPANY LLC_2024.json,C:\Projects\NewFranchiseData_Windows\FinalFranchiseData_Windows\data\processed_data\json_documents\BFK FRANCHISE COMPANY LLC_2024.json,23,0,0,2
"BFT FRANCHISE SPV, LLC_2024.json","C:\Projects\NewFranchiseData_Windows\FinalFranchiseData_Windows\data\processed_data\json_documents\BFT FRANCHISE SPV, LLC_2024.json",23,0,0,2
BIC FRANCHISE SYSTEM CORPORATION_2024.json,C:\Projects\NewFranchiseData_Windows\FinalFranchiseData_Windows\data\processed_data\json_documents\BIC FRANCHISE SYSTEM CORPORATION_2024.json,23,0,0,0
"BIG AIR FRANCHISING, LLC_2024.json","C:\Projects\NewFranchiseData_Windows\FinalFranchiseData_Windows\data\processed_data\json_documents\BIG AIR FRANCHISING, LLC_2024.json",23,0,0,2
"BIG FROG CUSTOM T-SHIRTS, INC._2024.json","C:\Projects\NewFranchiseData_Windows\FinalFranchiseData_Windows\data\processed_data\json_documents\BIG FROG CUSTOM T-SHIRTS, INC._2024.json",23,0,0,4
"BIMBO FOODS BAKERIES DISTRIBUTION, LLC_2024.json","C:\Projects\NewFranchiseData_Windows\FinalFranchiseData_Windows\data\processed_data\json_documents\BIMBO FOODS BAKERIES DISTRIBUTION, LLC_2024.json",23,0,0,1
"BIN THERE USA, LLC_2024.json","C:\Projects\NewFranchiseData_Windows\FinalFranchiseData_Windows\data\processed_data\json_documents\BIN THERE USA, LLC_2024.json",23,0,0,1
"BLACK BEER, LLC_2023.json","C:\Projects\NewFranchiseData_Windows\FinalFranchiseData_Windows\data\processed_data\json_documents\BLACK BEER, LLC_2023.json",23,0,0,1
BLO BLOW DRY BAR INC._2024.json,C:\Projects\NewFranchiseData_Windows\FinalFranchiseData_Windows\data\processed_data\json_documents\BLO BLOW DRY BAR INC._2024.json,22,0,1,2
BLOOMIN BLINDS FRANCHISE CORP._2024.json,C:\Projects\NewFranchiseData_Windows\FinalFranchiseData_Windows\data\processed_data\json_documents\BLOOMIN BLINDS FRANCHISE CORP._2024.json,22,0,1,2
"BLUE EAGLE FRANCHISING, LLC_2024.json","C:\Projects\NewFranchiseData_Windows\FinalFranchiseData_Windows\data\processed_data\json_documents\BLUE EAGLE FRANCHISING, LLC_2024.json",23,0,0,2
"BLUE MOON FRANCHISE SYSTEMS, LLC_2024.json","C:\Projects\NewFranchiseData_Windows\FinalFranchiseData_Windows\data\processed_data\json_documents\BLUE MOON FRANCHISE SYSTEMS, LLC_2024.json",23,0,0,2
BLUE STAMP FRANCHISE COMPANY_2024.json,C:\Projects\NewFranchiseData_Windows\FinalFranchiseData_Windows\data\processed_data\json_documents\BLUE STAMP FRANCHISE COMPANY_2024.json,23,0,0,0
"BLUEFROG PLUMBING AND DRAIN, LLC_2024.json","C:\Projects\NewFranchiseData_Windows\FinalFranchiseData_Windows\data\processed_data\json_documents\BLUEFROG PLUMBING AND DRAIN, LLC_2024.json",21,0,2,3
"BMB FRANCHISING SERVICES, INC._2024.json","C:\Projects\NewFranchiseData_Windows\FinalFranchiseData_Windows\data\processed_data\json_documents\BMB FRANCHISING SERVICES, INC._2024.json",23,0,0,0
"BNI FRANCHISING, LLC_2024.json","C:\Projects\NewFranchiseData_Windows\FinalFranchiseData_Windows\data\processed_data\json_documents\BNI FRANCHISING, LLC_2024.json",22,0,1,0
BOARD AND BRUSH CREATIVE STUDIO FRANCHISING LLC_2024.json,C:\Projects\NewFranchiseData_Windows\FinalFranchiseData_Windows\data\processed_data\json_documents\BOARD AND BRUSH CREATIVE STUDIO FRANCHISING LLC_2024.json,23,0,0,1
"BODY20 GLOBAL USA, LLC_2024.json","C:\Projects\NewFranchiseData_Windows\FinalFranchiseData_Windows\data\processed_data\json_documents\BODY20 GLOBAL USA, LLC_2024.json",23,0,0,5
"BODYBAR FRANCHISING, LLC_2024.json","C:\Projects\NewFranchiseData_Windows\FinalFranchiseData_Windows\data\processed_data\json_documents\BODYBAR FRANCHISING, LLC_2024.json",20,1,2,0
"BODYROK FRANCHISE USA, LP_2024.json","C:\Projects\NewFranchiseData_Windows\FinalFranchiseData_Windows\data\processed_data\json_documents\BODYROK FRANCHISE USA, LP_2024.json",23,0,0,0
BONCHON FRANCHISE LLC_2024.json,C:\Projects\NewFranchiseData_Windows\FinalFranchiseData_Windows\data\processed_data\json_documents\BONCHON FRANCHISE LLC_2024.json,23,0,0,0
"BOOST FRANCHISE SYSTEMS, LLC_2024.json","C:\Projects\NewFranchiseData_Windows\FinalFranchiseData_Windows\data\processed_data\json_documents\BOOST FRANCHISE SYSTEMS, LLC_2024.json",23,0,0,2
"BOOXKEEPING FRANCHISE, INC._2024.json","C:\Projects\NewFranchiseData_Windows\FinalFranchiseData_Windows\data\processed_data\json_documents\BOOXKEEPING FRANCHISE, INC._2024.json",22,0,1,2
"BOR FRANCHISING, LLC_2024.json","C:\Projects\NewFranchiseData_Windows\FinalFranchiseData_Windows\data\processed_data\json_documents\BOR FRANCHISING, LLC_2024.json",23,0,0,0
"BORDER MAGIC FRANCHISING, LLC_2024.json","C:\Projects\NewFranchiseData_Windows\FinalFranchiseData_Windows\data\processed_data\json_documents\BORDER MAGIC FRANCHISING, LLC_2024.json",23,0,0,0
"BOSS' PIZZA FRANCHISE, LLC_2023.json","C:\Projects\NewFranchiseData_Windows\FinalFranchiseData_Windows\data\processed_data\json_documents\BOSS' PIZZA FRANCHISE, LLC_2023.json",23,0,0,2
"BOSTON PIZZA RESTAURANTS, LP_2024.json","C:\Projects\NewFranchiseData_Windows\FinalFranchiseData_Windows\data\processed_data\json_documents\BOSTON PIZZA RESTAURANTS, LP_2024.json",23,0,0,2
"BOULDER DESIGNS FRANCHISING, LLC_2024.json","C:\Projects\NewFranchiseData_Windows\FinalFranchiseData_Windows\data\processed_data\json_documents\BOULDER DESIGNS FRANCHISING, LLC_2024.json",22,0,1,1
"BOXDROP, LLC_2024.json","C:\Projects\NewFranchiseData_Windows\FinalFranchiseData_Windows\data\processed_data\json_documents\BOXDROP, LLC_2024.json",23,0,0,0
"BQ CONCEPTS, LLC_2024.json","C:\Projects\NewFranchiseData_Windows\FinalFranchiseData_Windows\data\processed_data\json_documents\BQ CONCEPTS, LLC_2024.json",23,0,0,2
"BRAIN TUNE CAFE, LLC_2023.json","C:\Projects\NewFranchiseData_Windows\FinalFranchiseData_Windows\data\processed_data\json_documents\BRAIN TUNE CAFE, LLC_2023.json",23,0,0,2
"BRASS TAP FRANCHISOR, LLC_2024.json","C:\Projects\NewFranchiseData_Windows\FinalFranchiseData_Windows\data\processed_data\json_documents\BRASS TAP FRANCHISOR, LLC_2024.json",23,0,0,0
BREADSMITH FRANCHISING INC_2024.json,C:\Projects\NewFranchiseData_Windows\FinalFranchiseData_Windows\data\processed_data\json_documents\BREADSMITH FRANCHISING INC_2024.json,23,0,0,1
"BREW CULTURE FRANCHISE, LLC_2024.json","C:\Projects\NewFranchiseData_Windows\FinalFranchiseData_Windows\data\processed_data\json_documents\BREW CULTURE FRANCHISE, LLC_2024.json",23,0,0,0
BREWDOG FRANCHISING LLC_2024.json,C:\Projects\NewFranchiseData_Windows\FinalFranchiseData_Windows\data\processed_data\json_documents\BREWDOG FRANCHISING LLC_2024.json,23,0,0,4
"BRIDGESTONE BANDAG, LLC_2024.json","C:\Projects\NewFranchiseData_Windows\FinalFranchiseData_Windows\data\processed_data\json_documents\BRIDGESTONE BANDAG, LLC_2024.json",23,0,0,0
"BRIGHT BROTHERS GROUP, LLC_2024.json","C:\Projects\NewFranchiseData_Windows\FinalFranchiseData_Windows\data\processed_data\json_documents\BRIGHT BROTHERS GROUP, LLC_2024.json",22,0,1,0
"BRIGHTSTAR FRANCHISING, LLC_2024.json","C:\Projects\NewFranchiseData_Windows\FinalFranchiseData_Windows\data\processed_data\json_documents\BRIGHTSTAR FRANCHISING, LLC_2024.json",23,0,0,2
"BRIGHTSTAR SENIOR LIVING FRANCHISING, LLC_2024.json","C:\Projects\NewFranchiseData_Windows\FinalFranchiseData_Windows\data\processed_data\json_documents\BRIGHTSTAR SENIOR LIVING FRANCHISING, LLC_2024.json",23,0,0,0
"BRIGHTWAY INSURANCE, LLC_2024.json","C:\Projects\NewFranchiseData_Windows\FinalFranchiseData_Windows\data\processed_data\json_documents\BRIGHTWAY INSURANCE, LLC_2024.json",23,0,0,2
"BRINKER INTERNATIONAL PAYROLL COMPANY, L.P._2023.json","C:\Projects\NewFranchiseData_Windows\FinalFranchiseData_Windows\data\processed_data\json_documents\BRINKER INTERNATIONAL PAYROLL COMPANY, L.P._2023.json",23,0,0,0
"BRITISH SWIM SCHOOL FRANCHISING, LLC_2024.json","C:\Projects\NewFranchiseData_Windows\FinalFranchiseData_Windows\data\processed_data\json_documents\BRITISH SWIM SCHOOL FRANCHISING, LLC_2024.json",23,0,0,0
"BRIXX FRANCHISE SYSTEMS, LLC_2024.json","C:\Projects\NewFranchiseData_Windows\FinalFranchiseData_Windows\data\processed_data\json_documents\BRIXX FRANCHISE SYSTEMS, LLC_2024.json",23,0,0,0
"BROADWAY STATION RESTAURANTS, INC._2024.json","C:\Projects\NewFranchiseData_Windows\FinalFranchiseData_Windows\data\processed_data\json_documents\BROADWAY STATION RESTAURANTS, INC._2024.json",21,1,1,0
BROTHERS PARSONS FRANCHISING LLC_2024.json,C:\Projects\NewFranchiseData_Windows\FinalFranchiseData_Windows\data\processed_data\json_documents\BROTHERS PARSONS FRANCHISING LLC_2024.json,23,0,0,1
BRUEGGER'S FRANCHISE CORPORATION_2024.json,C:\Projects\NewFranchiseData_Windows\FinalFranchiseData_Windows\data\processed_data\json_documents\BRUEGGER'S FRANCHISE CORPORATION_2024.json,23,0,0,8
BRUSTER'S LIMITED PARTNERSHIP_2024.json,C:\Projects\NewFranchiseData_Windows\FinalFranchiseData_Windows\data\processed_data\json_documents\BRUSTER'S LIMITED PARTNERSHIP_2024.json,16,1,6,11
"BUBBAKOO'S FRANCHISE SYSTEMS, LLC_2024.json","C:\Projects\NewFranchiseData_Windows\FinalFranchiseData_Windows\data\processed_data\json_documents\BUBBAKOO'S FRANCHISE SYSTEMS, LLC_2024.json",22,0,1,3
"BUDGET BLINDS, LLC_2024.json","C:\Projects\NewFranchiseData_Windows\FinalFranchiseData_Windows\data\processed_data\json_documents\BUDGET BLINDS, LLC_2024.json",23,0,0,0
BUDGET RENT A CAR SYSTEM INC_2024.json,C:\Projects\NewFranchiseData_Windows\FinalFranchiseData_Windows\data\processed_data\json_documents\BUDGET RENT A CAR SYSTEM INC_2024.json,23,0,0,3
"BUFFALO WILD WINGS INTERNATIONAL, INC._2024.json","C:\Projects\NewFranchiseData_Windows\FinalFranchiseData_Windows\data\processed_data\json_documents\BUFFALO WILD WINGS INTERNATIONAL, INC._2024.json",21,0,2,0
"BUILDING KIDZ WORLDWIDE, LLC_2024.json","C:\Projects\NewFranchiseData_Windows\FinalFranchiseData_Windows\data\processed_data\json_documents\BUILDING KIDZ WORLDWIDE, LLC_2024.json",23,0,0,2
"BUILDINGSTARS INTERNATIONAL, INC._2024.json","C:\Projects\NewFranchiseData_Windows\FinalFranchiseData_Windows\data\processed_data\json_documents\BUILDINGSTARS INTERNATIONAL, INC._2024.json",23,0,0,0
"BUJI, LLC_2024.json","C:\Projects\NewFranchiseData_Windows\FinalFranchiseData_Windows\data\processed_data\json_documents\BUJI, LLC_2024.json",23,0,0,0
"BUMBLE ROOFING FRANCHISOR, LLC_2024.json","C:\Projects\NewFranchiseData_Windows\FinalFranchiseData_Windows\data\processed_data\json_documents\BUMBLE ROOFING FRANCHISOR, LLC_2024.json",23,0,0,2
"BUMPER  MAN, INC._2024.json","C:\Projects\NewFranchiseData_Windows\FinalFranchiseData_Windows\data\processed_data\json_documents\BUMPER  MAN, INC._2024.json",23,0,0,2
BURGER KING COMPANY LLC_2024.json,C:\Projects\NewFranchiseData_Windows\FinalFranchiseData_Windows\data\processed_data\json_documents\BURGER KING COMPANY LLC_2024.json,23,0,0,2
"BURRITOBAR USA, INC._2024.json","C:\Projects\NewFranchiseData_Windows\FinalFranchiseData_Windows\data\processed_data\json_documents\BURRITOBAR USA, INC._2024.json",23,0,0,2
"BUTTERMILK FRANCHISE GROUP, INC._2023.json","C:\Projects\NewFranchiseData_Windows\FinalFranchiseData_Windows\data\processed_data\json_documents\BUTTERMILK FRANCHISE GROUP, INC._2023.json",22,0,1,1
"C.T. FRANCHISING SYSTEMS, INC._2024.json","C:\Projects\NewFranchiseData_Windows\FinalFranchiseData_Windows\data\processed_data\json_documents\C.T. FRANCHISING SYSTEMS, INC._2024.json",20,0,3,4
"CABIN COFFEE FRANCHISING, INC._2023.json","C:\Projects\NewFranchiseData_Windows\FinalFranchiseData_Windows\data\processed_data\json_documents\CABIN COFFEE FRANCHISING, INC._2023.json",23,0,0,2
"CABINET IQ FRANCHISING, LLC_2024.json","C:\Projects\NewFranchiseData_Windows\FinalFranchiseData_Windows\data\processed_data\json_documents\CABINET IQ FRANCHISING, LLC_2024.json",23,0,0,0
"CAC FRANCHISING, LLC_2024.json","C:\Projects\NewFranchiseData_Windows\FinalFranchiseData_Windows\data\processed_data\json_documents\CAC FRANCHISING, LLC_2024.json",19,0,4,2
"CAFE & BAKERY GROUP, LLC_2023.json","C:\Projects\NewFranchiseData_Windows\FinalFranchiseData_Windows\data\processed_data\json_documents\CAFE & BAKERY GROUP, LLC_2023.json",22,0,1,1
CAJUN GLOBAL LLC_2024.json,C:\Projects\NewFranchiseData_Windows\FinalFranchiseData_Windows\data\processed_data\json_documents\CAJUN GLOBAL LLC_2024.json,23,0,0,0
"CAMP BOW WOW FRANCHISING, INC._2024.json","C:\Projects\NewFranchiseData_Windows\FinalFranchiseData_Windows\data\processed_data\json_documents\CAMP BOW WOW FRANCHISING, INC._2024.json",22,0,1,3
CANDY CLOUD FRANCHISING LLC_2023.json,C:\Projects\NewFranchiseData_Windows\FinalFranchiseData_Windows\data\processed_data\json_documents\CANDY CLOUD FRANCHISING LLC_2023.json,23,0,0,2
"CANINE DIMENSIONS FRANCHISING, LLC_2024.json","C:\Projects\NewFranchiseData_Windows\FinalFranchiseData_Windows\data\processed_data\json_documents\CANINE DIMENSIONS FRANCHISING, LLC_2024.json",23,0,0,2
CANOPY FRANCHISE CORPORATION_2024.json,C:\Projects\NewFranchiseData_Windows\FinalFranchiseData_Windows\data\processed_data\json_documents\CANOPY FRANCHISE CORPORATION_2024.json,23,0,0,2
"CAPRIOTTI'S SANDWICH SHOP, INC._2024.json","C:\Projects\NewFranchiseData_Windows\FinalFranchiseData_Windows\data\processed_data\json_documents\CAPRIOTTI'S SANDWICH SHOP, INC._2024.json",23,0,0,0
"CAPTAIN D'S, LLC_2024.json","C:\Projects\NewFranchiseData_Windows\FinalFranchiseData_Windows\data\processed_data\json_documents\CAPTAIN D'S, LLC_2024.json",23,0,0,2
"CAR-X, LLC_2024.json","C:\Projects\NewFranchiseData_Windows\FinalFranchiseData_Windows\data\processed_data\json_documents\CAR-X, LLC_2024.json",23,0,0,0
"CARE DIEM FRANCHISING, LLC_2024.json","C:\Projects\NewFranchiseData_Windows\FinalFranchiseData_Windows\data\processed_data\json_documents\CARE DIEM FRANCHISING, LLC_2024.json",23,0,0,0
"CAREBUILDERS AT HOME, LLC_2024.json","C:\Projects\NewFranchiseData_Windows\FinalFranchiseData_Windows\data\processed_data\json_documents\CAREBUILDERS AT HOME, LLC_2024.json",23,0,0,2
"CAREPATROL FRANCHISE SYSTEMS, LLC_2024.json","C:\Projects\NewFranchiseData_Windows\FinalFranchiseData_Windows\data\processed_data\json_documents\CAREPATROL FRANCHISE SYSTEMS, LLC_2024.json",23,0,0,0
"CARIBOU COFFEE DEVELOPMENT COMPANY, INC._2024.json","C:\Projects\NewFranchiseData_Windows\FinalFranchiseData_Windows\data\processed_data\json_documents\CARIBOU COFFEE DEVELOPMENT COMPANY, INC._2024.json",22,0,1,14
"CASEY HAWKINS, INC._2024.json","C:\Projects\NewFranchiseData_Windows\FinalFranchiseData_Windows\data\processed_data\json_documents\CASEY HAWKINS, INC._2024.json",23,0,0,0
"CERESET, LLC_2024.json","C:\Projects\NewFranchiseData_Windows\FinalFranchiseData_Windows\data\processed_data\json_documents\CERESET, LLC_2024.json",23,0,0,1
"CERTA PROPAINTERS, LTD._2024.json","C:\Projects\NewFranchiseData_Windows\FinalFranchiseData_Windows\data\processed_data\json_documents\CERTA PROPAINTERS, LTD._2024.json",23,0,0,0
CHICAGO'S ORIGINAL ITALIAN BEEF FRANCHISING LLC_2024.json,C:\Projects\NewFranchiseData_Windows\FinalFranchiseData_Windows\data\processed_data\json_documents\CHICAGO'S ORIGINAL ITALIAN BEEF FRANCHISING LLC_2024.json,23,0,0,0
"CHICK-FIL-A, INC._2024.json","C:\Projects\NewFranchiseData_Windows\FinalFranchiseData_Windows\data\processed_data\json_documents\CHICK-FIL-A, INC._2024.json",23,0,0,0
CINNABON FRANCHISOR SPV LLC_2024.json,C:\Projects\NewFranchiseData_Windows\FinalFranchiseData_Windows\data\processed_data\json_documents\CINNABON FRANCHISOR SPV LLC_2024.json,23,0,0,2
CML FRANCHISE LLC_2024.json,C:\Projects\NewFranchiseData_Windows\FinalFranchiseData_Windows\data\processed_data\json_documents\CML FRANCHISE LLC_2024.json,23,0,0,0
"COMFORCARE FRANCHISE SYSTEMS, LLC_2024.json","C:\Projects\NewFranchiseData_Windows\FinalFranchiseData_Windows\data\processed_data\json_documents\COMFORCARE FRANCHISE SYSTEMS, LLC_2024.json",23,0,0,2
"COTTAGE INN FRANCHISOR, LLC_2023.json","C:\Projects\NewFranchiseData_Windows\FinalFranchiseData_Windows\data\processed_data\json_documents\COTTAGE INN FRANCHISOR, LLC_2023.json",23,0,0,0
"CP FRANCHISING, LLC_2024.json","C:\Projects\NewFranchiseData_Windows\FinalFranchiseData_Windows\data\processed_data\json_documents\CP FRANCHISING, LLC_2024.json",23,0,0,0
"CRAVE FRANCHISING, LLC_2024.json","C:\Projects\NewFranchiseData_Windows\FinalFranchiseData_Windows\data\processed_data\json_documents\CRAVE FRANCHISING, LLC_2024.json",23,0,0,0
CRESTCOM INTERNATIONAL LLC_2024.json,C:\Projects\NewFranchiseData_Windows\FinalFranchiseData_Windows\data\processed_data\json_documents\CRESTCOM INTERNATIONAL LLC_2024.json,23,0,0,0
"CRESTCOM INTERNATIONAL, LLC_2024.json","C:\Projects\NewFranchiseData_Windows\FinalFranchiseData_Windows\data\processed_data\json_documents\CRESTCOM INTERNATIONAL, LLC_2024.json",23,0,0,4
"CRS FRANCHISING, LLC_2024.json","C:\Projects\NewFranchiseData_Windows\FinalFranchiseData_Windows\data\processed_data\json_documents\CRS FRANCHISING, LLC_2024.json",23,0,0,2
CRUISESHIPCENTERS USA INC._2024.json,C:\Projects\NewFranchiseData_Windows\FinalFranchiseData_Windows\data\processed_data\json_documents\CRUISESHIPCENTERS USA INC._2024.json,23,0,0,0
CWE AMERICAN LLC_2024.json,C:\Projects\NewFranchiseData_Windows\FinalFranchiseData_Windows\data\processed_data\json_documents\CWE AMERICAN LLC_2024.json,23,0,0,0
"DELI MANAGEMENT, INC._2024.json","C:\Projects\NewFranchiseData_Windows\FinalFranchiseData_Windows\data\processed_data\json_documents\DELI MANAGEMENT, INC._2024.json",23,0,0,3
DELISH FRANCHISING LLC_2023.json,C:\Projects\NewFranchiseData_Windows\FinalFranchiseData_Windows\data\processed_data\json_documents\DELISH FRANCHISING LLC_2023.json,23,0,0,0
"DL FRANCHISING, LLC_2024.json","C:\Projects\NewFranchiseData_Windows\FinalFranchiseData_Windows\data\processed_data\json_documents\DL FRANCHISING, LLC_2024.json",23,0,0,0
DOODYCALLS FRANCHISING SPE LLC_2024.json,C:\Projects\NewFranchiseData_Windows\FinalFranchiseData_Windows\data\processed_data\json_documents\DOODYCALLS FRANCHISING SPE LLC_2024.json,23,0,0,4
"DUCK DONUTS HOLDINGS, LLC_2024.json","C:\Projects\NewFranchiseData_Windows\FinalFranchiseData_Windows\data\processed_data\json_documents\DUCK DONUTS HOLDINGS, LLC_2024.json",23,0,0,0
"EDIBLE ARRANGEMENTS, LLC_2024.json","C:\Projects\NewFranchiseData_Windows\FinalFranchiseData_Windows\data\processed_data\json_documents\EDIBLE ARRANGEMENTS, LLC_2024.json",23,0,0,2
EINSTEIN BROS. BAGELS FRANCHISE CORPORATION_2024.json,C:\Projects\NewFranchiseData_Windows\FinalFranchiseData_Windows\data\processed_data\json_documents\EINSTEIN BROS. BAGELS FRANCHISE CORPORATION_2024.json,23,0,0,0
"EMERALDPRO FRANCHISING, INC. DBA PAINT EZ_2024.json","C:\Projects\NewFranchiseData_Windows\FinalFranchiseData_Windows\data\processed_data\json_documents\EMERALDPRO FRANCHISING, INC. DBA PAINT EZ_2024.json",23,0,0,2
"ENGINEERING FOR KIDS INTERNATIONAL, LLC_2024.json","C:\Projects\NewFranchiseData_Windows\FinalFranchiseData_Windows\data\processed_data\json_documents\ENGINEERING FOR KIDS INTERNATIONAL, LLC_2024.json",23,0,0,0
ERA FRANCHISE SYSTEMS LLC_2024.json,C:\Projects\NewFranchiseData_Windows\FinalFranchiseData_Windows\data\processed_data\json_documents\ERA FRANCHISE SYSTEMS LLC_2024.json,22,1,0,0
ESH STRATEGIES FRANCHISE LLC_2024.json,C:\Projects\NewFranchiseData_Windows\FinalFranchiseData_Windows\data\processed_data\json_documents\ESH STRATEGIES FRANCHISE LLC_2024.json,23,0,0,4
"EVERLINE FRANCHISING US, INC._2024.json","C:\Projects\NewFranchiseData_Windows\FinalFranchiseData_Windows\data\processed_data\json_documents\EVERLINE FRANCHISING US, INC._2024.json",23,0,0,0
EXPRESS MODULAR FRANCHISING LLC_2024.json,C:\Projects\NewFranchiseData_Windows\FinalFranchiseData_Windows\data\processed_data\json_documents\EXPRESS MODULAR FRANCHISING LLC_2024.json,23,0,0,0
"FAITH FRANCHISING COMPANY, LLC_2024.json","C:\Projects\NewFranchiseData_Windows\FinalFranchiseData_Windows\data\processed_data\json_documents\FAITH FRANCHISING COMPANY, LLC_2024.json",23,0,0,4
"FIRE FITNESS AFFILIATION, LLC_2024.json","C:\Projects\NewFranchiseData_Windows\FinalFranchiseData_Windows\data\processed_data\json_documents\FIRE FITNESS AFFILIATION, LLC_2024.json",23,0,0,2
FIREHOUSE OF AMERICA LLC_2024.json,C:\Projects\NewFranchiseData_Windows\FinalFranchiseData_Windows\data\processed_data\json_documents\FIREHOUSE OF AMERICA LLC_2024.json,23,0,0,0
"FIRSTLIGHT HOMECARE FRANCHISING, LLC_2024.json","C:\Projects\NewFranchiseData_Windows\FinalFranchiseData_Windows\data\processed_data\json_documents\FIRSTLIGHT HOMECARE FRANCHISING, LLC_2024.json",23,0,0,2
"FIVE D I, LLC_2024.json","C:\Projects\NewFranchiseData_Windows\FinalFranchiseData_Windows\data\processed_data\json_documents\FIVE D I, LLC_2024.json",23,0,0,0
"FLOWERAMA OF AMERICA, INC_2023.json","C:\Projects\NewFranchiseData_Windows\FinalFranchiseData_Windows\data\processed_data\json_documents\FLOWERAMA OF AMERICA, INC_2023.json",23,0,0,6
"FLOYD'S 99 FRANCHISING, LLC_2024.json","C:\Projects\NewFranchiseData_Windows\FinalFranchiseData_Windows\data\processed_data\json_documents\FLOYD'S 99 FRANCHISING, LLC_2024.json",23,0,0,1
"FOCUS CFO GROUP, LLC_2024.json","C:\Projects\NewFranchiseData_Windows\FinalFranchiseData_Windows\data\processed_data\json_documents\FOCUS CFO GROUP, LLC_2024.json",23,0,0,0
"FRANKNFURTERS FRANCHISING, LLC_2024.json","C:\Projects\NewFranchiseData_Windows\FinalFranchiseData_Windows\data\processed_data\json_documents\FRANKNFURTERS FRANCHISING, LLC_2024.json",23,0,0,0
"FRESHII DEVELOPMENT, LLC_2023.json","C:\Projects\NewFranchiseData_Windows\FinalFranchiseData_Windows\data\processed_data\json_documents\FRESHII DEVELOPMENT, LLC_2023.json",22,0,1,0
"FRIOS FRANCHISING COMPANY, LLC_2024.json","C:\Projects\NewFranchiseData_Windows\FinalFranchiseData_Windows\data\processed_data\json_documents\FRIOS FRANCHISING COMPANY, LLC_2024.json",23,0,0,0
"FRONTIER ADJUSTERS, INC._2024.json","C:\Projects\NewFranchiseData_Windows\FinalFranchiseData_Windows\data\processed_data\json_documents\FRONTIER ADJUSTERS, INC._2024.json",23,0,0,0
"FURRY CUTS! PETMOBILE INTERNATIONAL, LLC_2024.json","C:\Projects\NewFranchiseData_Windows\FinalFranchiseData_Windows\data\processed_data\json_documents\FURRY CUTS! PETMOBILE INTERNATIONAL, LLC_2024.json",23,0,0,0
"FWR, LLC_2024.json","C:\Projects\NewFranchiseData_Windows\FinalFranchiseData_Windows\data\processed_data\json_documents\FWR, LLC_2024.json",23,0,0,0
GEMINI CLEANERS LLC_2024.json,C:\Projects\NewFranchiseData_Windows\FinalFranchiseData_Windows\data\processed_data\json_documents\GEMINI CLEANERS LLC_2024.json,23,0,0,2
"GFC FRANCHISING, INC._2024.json","C:\Projects\NewFranchiseData_Windows\FinalFranchiseData_Windows\data\processed_data\json_documents\GFC FRANCHISING, INC._2024.json",21,0,2,1
"GIGWORX FRANCHISING, LLC_2024.json","C:\Projects\NewFranchiseData_Windows\FinalFranchiseData_Windows\data\processed_data\json_documents\GIGWORX FRANCHISING, LLC_2024.json",23,0,0,4
"GLM FRANCHISING, LLC_2024.json","C:\Projects\NewFranchiseData_Windows\FinalFranchiseData_Windows\data\processed_data\json_documents\GLM FRANCHISING, LLC_2024.json",22,0,1,1
"GO MINI'S FRANCHISING, LLC_2023.json","C:\Projects\NewFranchiseData_Windows\FinalFranchiseData_Windows\data\processed_data\json_documents\GO MINI'S FRANCHISING, LLC_2023.json",23,0,0,4
"GO PAINTING, LLC_2024.json","C:\Projects\NewFranchiseData_Windows\FinalFranchiseData_Windows\data\processed_data\json_documents\GO PAINTING, LLC_2024.json",11,7,5,7
"GOLDSAINTE FRANCHISE, LLC_2024.json","C:\Projects\NewFranchiseData_Windows\FinalFranchiseData_Windows\data\processed_data\json_documents\GOLDSAINTE FRANCHISE, LLC_2024.json",23,0,0,0
GOLFCAVE FRANCHISING LLC_2024.json,C:\Projects\NewFranchiseData_Windows\FinalFranchiseData_Windows\data\processed_data\json_documents\GOLFCAVE FRANCHISING LLC_2024.json,23,0,0,4
"GOOD FEET WORLDWIDE, LLC_2023.json","C:\Projects\NewFranchiseData_Windows\FinalFranchiseData_Windows\data\processed_data\json_documents\GOOD FEET WORLDWIDE, LLC_2023.json",23,0,0,0
GYM CONSULTING LLC_2024.json,C:\Projects\NewFranchiseData_Windows\FinalFranchiseData_Windows\data\processed_data\json_documents\GYM CONSULTING LLC_2024.json,23,0,0,0
H&H BAGELS FRANCHISING LLC_2024.json,C:\Projects\NewFranchiseData_Windows\FinalFranchiseData_Windows\data\processed_data\json_documents\H&H BAGELS FRANCHISING LLC_2024.json,23,0,0,0
"HELLO GARAGE FRANCHISING, LLC_2024.json","C:\Projects\NewFranchiseData_Windows\FinalFranchiseData_Windows\data\processed_data\json_documents\HELLO GARAGE FRANCHISING, LLC_2024.json",23,0,0,0
HOMESTRETCH HOME SERVICES II LLC_2024.json,C:\Projects\NewFranchiseData_Windows\FinalFranchiseData_Windows\data\processed_data\json_documents\HOMESTRETCH HOME SERVICES II LLC_2024.json,23,0,0,1
HOMEWATCH CAREGIVERS FRANCHISING SPE LLC_2024.json,C:\Projects\NewFranchiseData_Windows\FinalFranchiseData_Windows\data\processed_data\json_documents\HOMEWATCH CAREGIVERS FRANCHISING SPE LLC_2024.json,23,0,0,2
HOMEWELL FRANCHISING INC._2024.json,C:\Projects\NewFranchiseData_Windows\FinalFranchiseData_Windows\data\processed_data\json_documents\HOMEWELL FRANCHISING INC._2024.json,23,0,0,1
"HONEST ABE ROOFING FRANCHISE, INC._2024.json","C:\Projects\NewFranchiseData_Windows\FinalFranchiseData_Windows\data\processed_data\json_documents\HONEST ABE ROOFING FRANCHISE, INC._2024.json",23,0,0,0
HOT CHIKN KITCHN LLC_2024.json,C:\Projects\NewFranchiseData_Windows\FinalFranchiseData_Windows\data\processed_data\json_documents\HOT CHIKN KITCHN LLC_2024.json,23,0,0,1
HOUSEMASTER SPV LLC_2024.json,C:\Projects\NewFranchiseData_Windows\FinalFranchiseData_Windows\data\processed_data\json_documents\HOUSEMASTER SPV LLC_2024.json,23,0,0,2
HPB BLINDS AND SHUTTERS LLC_2024.json,C:\Projects\NewFranchiseData_Windows\FinalFranchiseData_Windows\data\processed_data\json_documents\HPB BLINDS AND SHUTTERS LLC_2024.json,23,0,0,3
HPB FOAM LLC_2024.json,C:\Projects\NewFranchiseData_Windows\FinalFranchiseData_Windows\data\processed_data\json_documents\HPB FOAM LLC_2024.json,23,0,0,0
HPB GLASS LLC_2024.json,C:\Projects\NewFranchiseData_Windows\FinalFranchiseData_Windows\data\processed_data\json_documents\HPB GLASS LLC_2024.json,23,0,0,0
HPB HVAC LLC_2024.json,C:\Projects\NewFranchiseData_Windows\FinalFranchiseData_Windows\data\processed_data\json_documents\HPB HVAC LLC_2024.json,22,0,1,1
"HYATT HOUSE FRANCHISING, LLC_2024.json","C:\Projects\NewFranchiseData_Windows\FinalFranchiseData_Windows\data\processed_data\json_documents\HYATT HOUSE FRANCHISING, LLC_2024.json",23,0,0,0
IDEAL SIDING FRANCHISING (USA) INC._2024.json,C:\Projects\NewFranchiseData_Windows\FinalFranchiseData_Windows\data\processed_data\json_documents\IDEAL SIDING FRANCHISING (USA) INC._2024.json,23,0,0,1
"IFLEX FRANCHISING, LLC_2024.json","C:\Projects\NewFranchiseData_Windows\FinalFranchiseData_Windows\data\processed_data\json_documents\IFLEX FRANCHISING, LLC_2024.json",23,0,0,2
"ILFRICH INTEGRATED SOLUTIONS, INC._2024.json","C:\Projects\NewFranchiseData_Windows\FinalFranchiseData_Windows\data\processed_data\json_documents\ILFRICH INTEGRATED SOLUTIONS, INC._2024.json",23,0,0,0
"IMAGE STUDIOS FRANCHISE, LLC_2024.json","C:\Projects\NewFranchiseData_Windows\FinalFranchiseData_Windows\data\processed_data\json_documents\IMAGE STUDIOS FRANCHISE, LLC_2024.json",23,0,0,0
"IN HOME PERSONAL SERVICES DEVELOPMENT, L.L.C._2024.json","C:\Projects\NewFranchiseData_Windows\FinalFranchiseData_Windows\data\processed_data\json_documents\IN HOME PERSONAL SERVICES DEVELOPMENT, L.L.C._2024.json",23,0,0,0
"INTELLIGRATION CAPITAL BB, LLC_2024.json","C:\Projects\NewFranchiseData_Windows\FinalFranchiseData_Windows\data\processed_data\json_documents\INTELLIGRATION CAPITAL BB, LLC_2024.json",23,0,0,0
IRIS GALERIE FRANCHISING LLC_2024.json,C:\Projects\NewFranchiseData_Windows\FinalFranchiseData_Windows\data\processed_data\json_documents\IRIS GALERIE FRANCHISING LLC_2024.json,23,0,0,2
"JAZZERCISE, INC._2024.json","C:\Projects\NewFranchiseData_Windows\FinalFranchiseData_Windows\data\processed_data\json_documents\JAZZERCISE, INC._2024.json",23,0,0,0
"JDOG CARPET FRANCHISING, LLC_2024.json","C:\Projects\NewFranchiseData_Windows\FinalFranchiseData_Windows\data\processed_data\json_documents\JDOG CARPET FRANCHISING, LLC_2024.json",23,0,0,0
"JET'S AMERICA, INC._2024.json","C:\Projects\NewFranchiseData_Windows\FinalFranchiseData_Windows\data\processed_data\json_documents\JET'S AMERICA, INC._2024.json",23,0,0,0
"JPAR FRANCHISING, LLC_2024.json","C:\Projects\NewFranchiseData_Windows\FinalFranchiseData_Windows\data\processed_data\json_documents\JPAR FRANCHISING, LLC_2024.json",23,0,0,2
JTE FRANCHISING LLC_2024.json,C:\Projects\NewFranchiseData_Windows\FinalFranchiseData_Windows\data\processed_data\json_documents\JTE FRANCHISING LLC_2024.json,23,0,0,0
JUNK RAIDER FRANCHISING LLC_2024.json,C:\Projects\NewFranchiseData_Windows\FinalFranchiseData_Windows\data\processed_data\json_documents\JUNK RAIDER FRANCHISING LLC_2024.json,21,0,2,2
KEYRENTER FRANCHISE LLC_2024.json,C:\Projects\NewFranchiseData_Windows\FinalFranchiseData_Windows\data\processed_data\json_documents\KEYRENTER FRANCHISE LLC_2024.json,23,0,0,0
"KFC US, LLC_2024.json","C:\Projects\NewFranchiseData_Windows\FinalFranchiseData_Windows\data\processed_data\json_documents\KFC US, LLC_2024.json",23,0,0,2
"KILWINS CHOCOLATES FRANCHISE, INC._2024.json","C:\Projects\NewFranchiseData_Windows\FinalFranchiseData_Windows\data\processed_data\json_documents\KILWINS CHOCOLATES FRANCHISE, INC._2024.json",23,0,0,0
"KONA ICE, INC._2024.json","C:\Projects\NewFranchiseData_Windows\FinalFranchiseData_Windows\data\processed_data\json_documents\KONA ICE, INC._2024.json",23,0,0,0
KSS FRANCHISING LLC_2024.json,C:\Projects\NewFranchiseData_Windows\FinalFranchiseData_Windows\data\processed_data\json_documents\KSS FRANCHISING LLC_2024.json,23,0,0,1
"LAUNCH FRANCHISING, LLC_2024.json","C:\Projects\NewFranchiseData_Windows\FinalFranchiseData_Windows\data\processed_data\json_documents\LAUNCH FRANCHISING, LLC_2024.json",22,0,1,0
"LEADING EDGE MARKETING, INC._2024.json","C:\Projects\NewFranchiseData_Windows\FinalFranchiseData_Windows\data\processed_data\json_documents\LEADING EDGE MARKETING, INC._2024.json",23,0,0,0
LG AS FRANCHISOR LLC_2024.json,C:\Projects\NewFranchiseData_Windows\FinalFranchiseData_Windows\data\processed_data\json_documents\LG AS FRANCHISOR LLC_2024.json,23,0,0,0
"LIME FRANCHISE SYSTEMS, LLC_2024.json","C:\Projects\NewFranchiseData_Windows\FinalFranchiseData_Windows\data\processed_data\json_documents\LIME FRANCHISE SYSTEMS, LLC_2024.json",23,0,0,0
LIVE HYDRATION SPA FRANCHISE LLC_2024.json,C:\Projects\NewFranchiseData_Windows\FinalFranchiseData_Windows\data\processed_data\json_documents\LIVE HYDRATION SPA FRANCHISE LLC_2024.json,23,0,0,0
"LIVING ASSISTANCE SERVICES, INC._2024.json","C:\Projects\NewFranchiseData_Windows\FinalFranchiseData_Windows\data\processed_data\json_documents\LIVING ASSISTANCE SERVICES, INC._2024.json",23,0,0,0
"M.G.M. LIQUOR STORES, INC._2024.json","C:\Projects\NewFranchiseData_Windows\FinalFranchiseData_Windows\data\processed_data\json_documents\M.G.M. LIQUOR STORES, INC._2024.json",23,0,0,0
"MAJESTIC RESIDENCES FRANCHISE SYSTEMS, LLC_2023.json","C:\Projects\NewFranchiseData_Windows\FinalFranchiseData_Windows\data\processed_data\json_documents\MAJESTIC RESIDENCES FRANCHISE SYSTEMS, LLC_2023.json",23,0,0,6
"MATHNASIUM CENTER LICENSING, LLC_2024.json","C:\Projects\NewFranchiseData_Windows\FinalFranchiseData_Windows\data\processed_data\json_documents\MATHNASIUM CENTER LICENSING, LLC_2024.json",23,0,0,0
MDR UNITED LLC_2024.json,C:\Projects\NewFranchiseData_Windows\FinalFranchiseData_Windows\data\processed_data\json_documents\MDR UNITED LLC_2024.json,22,0,1,0
MEDICAP PHARMACIES INCORPORATED_2023.json,C:\Projects\NewFranchiseData_Windows\FinalFranchiseData_Windows\data\processed_data\json_documents\MEDICAP PHARMACIES INCORPORATED_2023.json,23,0,0,3
"MERLE NORMAN COSMETICS, INC._2024.json","C:\Projects\NewFranchiseData_Windows\FinalFranchiseData_Windows\data\processed_data\json_documents\MERLE NORMAN COSMETICS, INC._2024.json",23,0,0,0
METAL SUPERMARKETS FRANCHISING AMERICA INC._2024.json,C:\Projects\NewFranchiseData_Windows\FinalFranchiseData_Windows\data\processed_data\json_documents\METAL SUPERMARKETS FRANCHISING AMERICA INC._2024.json,23,0,0,2
"MHDGA, LLC_2024.json","C:\Projects\NewFranchiseData_Windows\FinalFranchiseData_Windows\data\processed_data\json_documents\MHDGA, LLC_2024.json",23,0,0,1
MILKSHOP JAPAN INC._2024.json,C:\Projects\NewFranchiseData_Windows\FinalFranchiseData_Windows\data\processed_data\json_documents\MILKSHOP JAPAN INC._2024.json,23,0,0,0
"MOBILITY PLUS SYSTEMS, LLC_2024.json","C:\Projects\NewFranchiseData_Windows\FinalFranchiseData_Windows\data\processed_data\json_documents\MOBILITY PLUS SYSTEMS, LLC_2024.json",23,0,0,0
"MR BREWS TAPHOUSE INTERNATIONAL, LLC_2024.json","C:\Projects\NewFranchiseData_Windows\FinalFranchiseData_Windows\data\processed_data\json_documents\MR BREWS TAPHOUSE INTERNATIONAL, LLC_2024.json",23,0,0,0
"NATIONAL HUNTING LEASE NETWORK, LLC_2024.json","C:\Projects\NewFranchiseData_Windows\FinalFranchiseData_Windows\data\processed_data\json_documents\NATIONAL HUNTING LEASE NETWORK, LLC_2024.json",22,0,1,5
NBC FRANCHISOR LLC_2024.json,C:\Projects\NewFranchiseData_Windows\FinalFranchiseData_Windows\data\processed_data\json_documents\NBC FRANCHISOR LLC_2024.json,23,0,0,4
"NPM FRANCHISING, LLC_2024.json","C:\Projects\NewFranchiseData_Windows\FinalFranchiseData_Windows\data\processed_data\json_documents\NPM FRANCHISING, LLC_2024.json",23,0,0,2
"OXI FRESH FRANCHISING CO., INC._2024.json","C:\Projects\NewFranchiseData_Windows\FinalFranchiseData_Windows\data\processed_data\json_documents\OXI FRESH FRANCHISING CO., INC._2024.json",23,0,0,3
"PARKER-ANDERSON ENRICHMENT, INC._2024.json","C:\Projects\NewFranchiseData_Windows\FinalFranchiseData_Windows\data\processed_data\json_documents\PARKER-ANDERSON ENRICHMENT, INC._2024.json",23,0,0,2
PAUSE FRANCHISOR INC._2024.json,C:\Projects\NewFranchiseData_Windows\FinalFranchiseData_Windows\data\processed_data\json_documents\PAUSE FRANCHISOR INC._2024.json,23,0,0,2
PERKINS LLC_2023.json,C:\Projects\NewFranchiseData_Windows\FinalFranchiseData_Windows\data\processed_data\json_documents\PERKINS LLC_2023.json,23,0,0,0
"PGFC, LLC_2024.json","C:\Projects\NewFranchiseData_Windows\FinalFranchiseData_Windows\data\processed_data\json_documents\PGFC, LLC_2024.json",23,0,0,2
"PIGTAILS & CREWCUTS FRANCHISE, LLC_2024.json","C:\Projects\NewFranchiseData_Windows\FinalFranchiseData_Windows\data\processed_data\json_documents\PIGTAILS & CREWCUTS FRANCHISE, LLC_2024.json",23,0,0,2
POOLWERX FRANCHISE MANAGEMENT LLC_2024.json,C:\Projects\NewFranchiseData_Windows\FinalFranchiseData_Windows\data\processed_data\json_documents\POOLWERX FRANCHISE MANAGEMENT LLC_2024.json,23,0,0,0
"POPEYES LOUISIANA KITCHEN, INC._2024.json","C:\Projects\NewFranchiseData_Windows\FinalFranchiseData_Windows\data\processed_data\json_documents\POPEYES LOUISIANA KITCHEN, INC._2024.json",23,0,0,2
POSTNET INTERNATIONAL FRANCHISE CORPORATION_2024.json,C:\Projects\NewFranchiseData_Windows\FinalFranchiseData_Windows\data\processed_data\json_documents\POSTNET INTERNATIONAL FRANCHISE CORPORATION_2024.json,21,0,2,0
"PRIME I.V. HYDRATION & WELLNESS, INC._2024.json","C:\Projects\NewFranchiseData_Windows\FinalFranchiseData_Windows\data\processed_data\json_documents\PRIME I.V. HYDRATION & WELLNESS, INC._2024.json",23,0,0,2
PRITIKIN ICR LLC_2024.json,C:\Projects\NewFranchiseData_Windows\FinalFranchiseData_Windows\data\processed_data\json_documents\PRITIKIN ICR LLC_2024.json,22,0,1,4
"PRO IMAGE FRANCHISE, LC_2024.json","C:\Projects\NewFranchiseData_Windows\FinalFranchiseData_Windows\data\processed_data\json_documents\PRO IMAGE FRANCHISE, LC_2024.json",22,0,1,0
PROCOLOR COLLISION USA LLC_2024.json,C:\Projects\NewFranchiseData_Windows\FinalFranchiseData_Windows\data\processed_data\json_documents\PROCOLOR COLLISION USA LLC_2024.json,23,0,0,2
"PSP FRANCHISING, LLC_2024.json","C:\Projects\NewFranchiseData_Windows\FinalFranchiseData_Windows\data\processed_data\json_documents\PSP FRANCHISING, LLC_2024.json",23,0,0,4
QDOBA FRANCHISOR LLC_2023.json,C:\Projects\NewFranchiseData_Windows\FinalFranchiseData_Windows\data\processed_data\json_documents\QDOBA FRANCHISOR LLC_2023.json,23,0,0,5
QUAD QUEENS LLC_2024.json,C:\Projects\NewFranchiseData_Windows\FinalFranchiseData_Windows\data\processed_data\json_documents\QUAD QUEENS LLC_2024.json,23,0,0,0
"QUALICARE OF AMERICA, INC._2023.json","C:\Projects\NewFranchiseData_Windows\FinalFranchiseData_Windows\data\processed_data\json_documents\QUALICARE OF AMERICA, INC._2023.json",5,0,18,5
RAMADA WORLDWIDE INC_2024.json,C:\Projects\NewFranchiseData_Windows\FinalFranchiseData_Windows\data\processed_data\json_documents\RAMADA WORLDWIDE INC_2024.json,23,0,0,0
RED LIGHT METHOD FRANCHISING LLC_2024.json,C:\Projects\NewFranchiseData_Windows\FinalFranchiseData_Windows\data\processed_data\json_documents\RED LIGHT METHOD FRANCHISING LLC_2024.json,23,0,0,2
"REGAL NAILS, SALON & SPA, LLC_2024.json","C:\Projects\NewFranchiseData_Windows\FinalFranchiseData_Windows\data\processed_data\json_documents\REGAL NAILS, SALON & SPA, LLC_2024.json",23,0,0,6
REGENT SUBS FRANCHISE LLC_2024.json,C:\Projects\NewFranchiseData_Windows\FinalFranchiseData_Windows\data\processed_data\json_documents\REGENT SUBS FRANCHISE LLC_2024.json,22,0,1,1
RENDLEF CO D.B.A JAN-PRO FRANCHISE DEVELOPMENT OF NORTHEAST WISCONSIN_2023.json,C:\Projects\NewFranchiseData_Windows\FinalFranchiseData_Windows\data\processed_data\json_documents\RENDLEF CO D.B.A JAN-PRO FRANCHISE DEVELOPMENT OF NORTHEAST WISCONSIN_2023.json,23,0,0,0
"RENEW MEDIC FRANCHISING, LLC_2024.json","C:\Projects\NewFranchiseData_Windows\FinalFranchiseData_Windows\data\processed_data\json_documents\RENEW MEDIC FRANCHISING, LLC_2024.json",22,0,1,3
"RENOVATION SELLS FRANCHISING, LLC_2024.json","C:\Projects\NewFranchiseData_Windows\FinalFranchiseData_Windows\data\processed_data\json_documents\RENOVATION SELLS FRANCHISING, LLC_2024.json",23,0,0,1
"RESTOPROS FRANCHISING, LLC_2024.json","C:\Projects\NewFranchiseData_Windows\FinalFranchiseData_Windows\data\processed_data\json_documents\RESTOPROS FRANCHISING, LLC_2024.json",23,0,0,0
"RETROFITNESS, LLC_2024.json","C:\Projects\NewFranchiseData_Windows\FinalFranchiseData_Windows\data\processed_data\json_documents\RETROFITNESS, LLC_2024.json",23,0,0,0
ROLLING SUDS FRANCHISING LLC_2024.json,C:\Projects\NewFranchiseData_Windows\FinalFranchiseData_Windows\data\processed_data\json_documents\ROLLING SUDS FRANCHISING LLC_2024.json,23,0,0,0
"ROSATI'S FRANCHISING, INC._2024.json","C:\Projects\NewFranchiseData_Windows\FinalFranchiseData_Windows\data\processed_data\json_documents\ROSATI'S FRANCHISING, INC._2024.json",23,0,0,2
"ROYAL ALOHA FRANCHISE COMPANY, LLC_2024.json","C:\Projects\NewFranchiseData_Windows\FinalFranchiseData_Windows\data\processed_data\json_documents\ROYAL ALOHA FRANCHISE COMPANY, LLC_2024.json",23,0,0,0
"RUSTY TACO FRANCHISING, LLC_2024.json","C:\Projects\NewFranchiseData_Windows\FinalFranchiseData_Windows\data\processed_data\json_documents\RUSTY TACO FRANCHISING, LLC_2024.json",23,0,0,2
"SAH HOLDINGS, LLC_2024.json","C:\Projects\NewFranchiseData_Windows\FinalFranchiseData_Windows\data\processed_data\json_documents\SAH HOLDINGS, LLC_2024.json",23,0,0,0
"SCOOP BROTHERS FRANCHISING, LLC_2024.json","C:\Projects\NewFranchiseData_Windows\FinalFranchiseData_Windows\data\processed_data\json_documents\SCOOP BROTHERS FRANCHISING, LLC_2024.json",21,0,2,2
"SENIOR CARE AUTHORITY, LLC_2024.json","C:\Projects\NewFranchiseData_Windows\FinalFranchiseData_Windows\data\processed_data\json_documents\SENIOR CARE AUTHORITY, LLC_2024.json",23,0,0,2
SERVICEMASTER CLEANRESTORE SPE LLC_2024.json,C:\Projects\NewFranchiseData_Windows\FinalFranchiseData_Windows\data\processed_data\json_documents\SERVICEMASTER CLEANRESTORE SPE LLC_2024.json,23,0,0,0
"SH FRANCHISING, LLC_2024.json","C:\Projects\NewFranchiseData_Windows\FinalFranchiseData_Windows\data\processed_data\json_documents\SH FRANCHISING, LLC_2024.json",23,0,0,2
"SHARKEY'S CUTS FOR KIDS INTERNATIONAL CO., LLC_2024.json","C:\Projects\NewFranchiseData_Windows\FinalFranchiseData_Windows\data\processed_data\json_documents\SHARKEY'S CUTS FOR KIDS INTERNATIONAL CO., LLC_2024.json",23,0,0,0
"SHH GROUP, LLC_2024.json","C:\Projects\NewFranchiseData_Windows\FinalFranchiseData_Windows\data\processed_data\json_documents\SHH GROUP, LLC_2024.json",23,0,0,0
"SHOWHOMES FRANCHISE COMPANY, LLC_2024.json","C:\Projects\NewFranchiseData_Windows\FinalFranchiseData_Windows\data\processed_data\json_documents\SHOWHOMES FRANCHISE COMPANY, LLC_2024.json",23,0,0,2
SKEDADDLE FRANCHISING LLC_2024.json,C:\Projects\NewFranchiseData_Windows\FinalFranchiseData_Windows\data\processed_data\json_documents\SKEDADDLE FRANCHISING LLC_2024.json,22,0,1,2
SKYRUN FRANCHISING LIMITED_2024.json,C:\Projects\NewFranchiseData_Windows\FinalFranchiseData_Windows\data\processed_data\json_documents\SKYRUN FRANCHISING LIMITED_2024.json,22,0,1,7
"SLUMBERLAND FRANCHISING, INC._2024.json","C:\Projects\NewFranchiseData_Windows\FinalFranchiseData_Windows\data\processed_data\json_documents\SLUMBERLAND FRANCHISING, INC._2024.json",23,0,0,0
SMASH FRANCHISING LLC_2024.json,C:\Projects\NewFranchiseData_Windows\FinalFranchiseData_Windows\data\processed_data\json_documents\SMASH FRANCHISING LLC_2024.json,22,0,1,0
"SOCCER STARS, LLC_2024.json","C:\Projects\NewFranchiseData_Windows\FinalFranchiseData_Windows\data\processed_data\json_documents\SOCCER STARS, LLC_2024.json",23,0,0,1
"SOCIAL INDOOR FRANCHISING, LLC_2024.json","C:\Projects\NewFranchiseData_Windows\FinalFranchiseData_Windows\data\processed_data\json_documents\SOCIAL INDOOR FRANCHISING, LLC_2024.json",23,0,0,5
"SPARKLE INTERNATIONAL, INC._2024.json","C:\Projects\NewFranchiseData_Windows\FinalFranchiseData_Windows\data\processed_data\json_documents\SPARKLE INTERNATIONAL, INC._2024.json",23,0,0,6
"SPEEDEE WORLDWIDE, LLC_2024.json","C:\Projects\NewFranchiseData_Windows\FinalFranchiseData_Windows\data\processed_data\json_documents\SPEEDEE WORLDWIDE, LLC_2024.json",23,0,0,4
"SPHERION STAFFING, LLC_2024.json","C:\Projects\NewFranchiseData_Windows\FinalFranchiseData_Windows\data\processed_data\json_documents\SPHERION STAFFING, LLC_2024.json",23,0,0,4
SPRINKLES FRANCHISE GROUP LLC_2024.json,C:\Projects\NewFranchiseData_Windows\FinalFranchiseData_Windows\data\processed_data\json_documents\SPRINKLES FRANCHISE GROUP LLC_2024.json,22,0,1,3
"STARCYCLE FRANCHISE, LLC_2024.json","C:\Projects\NewFranchiseData_Windows\FinalFranchiseData_Windows\data\processed_data\json_documents\STARCYCLE FRANCHISE, LLC_2024.json",23,0,0,0
"TACO JOHN'S INTERNATIONAL, INC._2024.json","C:\Projects\NewFranchiseData_Windows\FinalFranchiseData_Windows\data\processed_data\json_documents\TACO JOHN'S INTERNATIONAL, INC._2024.json",23,0,0,0
TACTIC FRANCHISING LLC_2023.json,C:\Projects\NewFranchiseData_Windows\FinalFranchiseData_Windows\data\processed_data\json_documents\TACTIC FRANCHISING LLC_2023.json,23,0,0,4
"TALEM HOME CARE FRANCHISING, LLC_2024.json","C:\Projects\NewFranchiseData_Windows\FinalFranchiseData_Windows\data\processed_data\json_documents\TALEM HOME CARE FRANCHISING, LLC_2024.json",22,0,1,2
"TFL FRANCHISE SYSTEMS, LLC_2024.json","C:\Projects\NewFranchiseData_Windows\FinalFranchiseData_Windows\data\processed_data\json_documents\TFL FRANCHISE SYSTEMS, LLC_2024.json",23,0,0,4
THE BUDLONG FRANCHISE NEVADA LLC_2024.json,C:\Projects\NewFranchiseData_Windows\FinalFranchiseData_Windows\data\processed_data\json_documents\THE BUDLONG FRANCHISE NEVADA LLC_2024.json,23,0,0,2
"THE DOG STOP FRANCHISING, LLC_2024.json","C:\Projects\NewFranchiseData_Windows\FinalFranchiseData_Windows\data\processed_data\json_documents\THE DOG STOP FRANCHISING, LLC_2024.json",23,0,0,2
"THE GROUT MEDIC, LLC_2024.json","C:\Projects\NewFranchiseData_Windows\FinalFranchiseData_Windows\data\processed_data\json_documents\THE GROUT MEDIC, LLC_2024.json",23,0,0,0
THE HOT SPOT STUDIOS LLC_2024.json,C:\Projects\NewFranchiseData_Windows\FinalFranchiseData_Windows\data\processed_data\json_documents\THE HOT SPOT STUDIOS LLC_2024.json,23,0,0,1
"THE PATERSON CENTER, LLC_2024.json","C:\Projects\NewFranchiseData_Windows\FinalFranchiseData_Windows\data\processed_data\json_documents\THE PATERSON CENTER, LLC_2024.json",23,0,0,0
"THE UPS STORE, INC._2024.json","C:\Projects\NewFranchiseData_Windows\FinalFranchiseData_Windows\data\processed_data\json_documents\THE UPS STORE, INC._2024.json",23,0,0,3
THE WELLNESS WAY FRANCHISE LLC_2024.json,C:\Projects\NewFranchiseData_Windows\FinalFranchiseData_Windows\data\processed_data\json_documents\THE WELLNESS WAY FRANCHISE LLC_2024.json,23,0,0,0
"TLGI, LLC_2024.json","C:\Projects\NewFranchiseData_Windows\FinalFranchiseData_Windows\data\processed_data\json_documents\TLGI, LLC_2024.json",23,0,0,2
TMH WORLDWIDE LLC_2024.json,C:\Projects\NewFranchiseData_Windows\FinalFranchiseData_Windows\data\processed_data\json_documents\TMH WORLDWIDE LLC_2024.json,23,0,0,0
TOHC FRANCHISING LLC_2023.json,C:\Projects\NewFranchiseData_Windows\FinalFranchiseData_Windows\data\processed_data\json_documents\TOHC FRANCHISING LLC_2023.json,23,0,0,0
"TOOTL FRANCHISING, LLC_2024.json","C:\Projects\NewFranchiseData_Windows\FinalFranchiseData_Windows\data\processed_data\json_documents\TOOTL FRANCHISING, LLC_2024.json",22,0,1,2
"TRYP HOTELS WORLDWIDE, INC._2024.json","C:\Projects\NewFranchiseData_Windows\FinalFranchiseData_Windows\data\processed_data\json_documents\TRYP HOTELS WORLDWIDE, INC._2024.json",23,0,0,0
"TUMBLE FRESH FRANCHISING, LLC_2024.json","C:\Projects\NewFranchiseData_Windows\FinalFranchiseData_Windows\data\processed_data\json_documents\TUMBLE FRESH FRANCHISING, LLC_2024.json",23,0,0,3
TUMBLES LLC_2024.json,C:\Projects\NewFranchiseData_Windows\FinalFranchiseData_Windows\data\processed_data\json_documents\TUMBLES LLC_2024.json,23,0,0,0
"ULTIMATE NINJAS FRANCHISE GROUP, LLC_2024.json","C:\Projects\NewFranchiseData_Windows\FinalFranchiseData_Windows\data\processed_data\json_documents\ULTIMATE NINJAS FRANCHISE GROUP, LLC_2024.json",22,0,1,0
UNITS FRANCHISING GROUP INC_2024.json,C:\Projects\NewFranchiseData_Windows\FinalFranchiseData_Windows\data\processed_data\json_documents\UNITS FRANCHISING GROUP INC_2024.json,22,0,1,2
"UPTOWN CHEAPSKATE FRANCHISE SYSTEM, LLC_2024.json","C:\Projects\NewFranchiseData_Windows\FinalFranchiseData_Windows\data\processed_data\json_documents\UPTOWN CHEAPSKATE FRANCHISE SYSTEM, LLC_2024.json",23,0,0,2
"USA NINJA CHALLENGE FRANCHISING, LLC_2023.json","C:\Projects\NewFranchiseData_Windows\FinalFranchiseData_Windows\data\processed_data\json_documents\USA NINJA CHALLENGE FRANCHISING, LLC_2023.json",23,0,0,0
V'S BARBERSHOP FRANCHISE LLC_2024.json,C:\Projects\NewFranchiseData_Windows\FinalFranchiseData_Windows\data\processed_data\json_documents\V'S BARBERSHOP FRANCHISE LLC_2024.json,23,0,0,0
"VILLAGE JUICE CO. FRANCHISING, LLC_2024.json","C:\Projects\NewFranchiseData_Windows\FinalFranchiseData_Windows\data\processed_data\json_documents\VILLAGE JUICE CO. FRANCHISING, LLC_2024.json",23,0,0,0
"VIZTA TINT HOLDINGS, INC_2024.json","C:\Projects\NewFranchiseData_Windows\FinalFranchiseData_Windows\data\processed_data\json_documents\VIZTA TINT HOLDINGS, INC_2024.json",22,0,1,0
"WAHLBURGERS FRANCHISING, LLC_2024.json","C:\Projects\NewFranchiseData_Windows\FinalFranchiseData_Windows\data\processed_data\json_documents\WAHLBURGERS FRANCHISING, LLC_2024.json",23,0,0,0
"WHR EXTENDED STAY, LLC_2024.json","C:\Projects\NewFranchiseData_Windows\FinalFranchiseData_Windows\data\processed_data\json_documents\WHR EXTENDED STAY, LLC_2024.json",23,0,0,0
WINGSTOP FRANCHISING LLC_2024.json,C:\Projects\NewFranchiseData_Windows\FinalFranchiseData_Windows\data\processed_data\json_documents\WINGSTOP FRANCHISING LLC_2024.json,23,0,0,2
"WOODCRAFT FRANCHISE, LLC_2024.json","C:\Projects\NewFranchiseData_Windows\FinalFranchiseData_Windows\data\processed_data\json_documents\WOODCRAFT FRANCHISE, LLC_2024.json",23,0,0,2
"WOOF GANG BAKERY, INC._2024.json","C:\Projects\NewFranchiseData_Windows\FinalFranchiseData_Windows\data\processed_data\json_documents\WOOF GANG BAKERY, INC._2024.json",23,0,0,4
WORKOUT ANYTIME FRANCHISING SYSTEMS LLC_2024.json,C:\Projects\NewFranchiseData_Windows\FinalFranchiseData_Windows\data\processed_data\json_documents\WORKOUT ANYTIME FRANCHISING SYSTEMS LLC_2024.json,23,0,0,4
X GOLF FRANCHISE CORPORATION_2024.json,C:\Projects\NewFranchiseData_Windows\FinalFranchiseData_Windows\data\processed_data\json_documents\X GOLF FRANCHISE CORPORATION_2024.json,21,0,2,2
"YOGA SIX FRANCHISE SPV, LLC_2024.json","C:\Projects\NewFranchiseData_Windows\FinalFranchiseData_Windows\data\processed_data\json_documents\YOGA SIX FRANCHISE SPV, LLC_2024.json",23,0,0,0
ZIEBART CORPORATION_2024.json,C:\Projects\NewFranchiseData_Windows\FinalFranchiseData_Windows\data\processed_data\json_documents\ZIEBART CORPORATION_2024.json,23,0,0,2
